<History>
	<Option Path="All Options &gt; File Options &gt; Load &gt; Encoding" DateChanged="20200809164433633" ChangeMethod="0">
	</Option>
	<Option Path="All Options &gt; Appearance &gt; Fonts" DateChanged="20200809164514751" ChangeMethod="0">
	</Option>
	<Option Path="All Options &gt; Editing &gt; Search &gt; Initialize search string" DateChanged="20201016150237638" ChangeMethod="0">
	</Option>
	<Option Path="All Options &gt; Languages &gt; Application Languages &gt; Language=c &gt; General" DateChanged="20210130020506300" ChangeMethod="0">
	</Option>
	<Option Path="All Options &gt; Languages &gt; Application Languages &gt; Language=c &gt; Aliases" DateChanged="20210301151656306" ChangeMethod="0">
	</Option>
	<Option Path="All Options &gt; Languages &gt; Application Languages &gt; Language=java &gt; Aliases" DateChanged="20210211173809713" ChangeMethod="0">
	</Option>
	<Option Path="All Options &gt; Languages &gt; Hardware Description Languages &gt; Language=verilog &gt; Aliases" DateChanged="20210214150238282" ChangeMethod="0">
	</Option>
	<Option Path="All Options &gt; Languages &gt; Scripting Languages &gt; Language=tcl &gt; Aliases" DateChanged="20210321015030583" ChangeMethod="0">
	</Option>
	<Option Path="All Options &gt; Languages &gt; Application Languages &gt; Language=cs &gt; Aliases" DateChanged="20210418134035709" ChangeMethod="0">
	</Option>
	<Option Path="All Options &gt; Languages &gt; Scripting Languages &gt; Language=awk &gt; Aliases" DateChanged="20210309151819504" ChangeMethod="0">
	</Option>
	<Option Path="All Options &gt; Editing &gt; Cursor Movement &gt; Cursor up/down places cursor in virtual space" DateChanged="20210503131213746" ChangeMethod="0">
	</Option>
	<Option Path="All Options &gt; Editing &gt; Cursor Movement &gt; Cursor right/left wraps to next/previous line" DateChanged="20210503130959091" ChangeMethod="0">
	</Option>
	<Option Path="All Options &gt; Appearance &gt; Preview Tool Window &gt; Activate Preview tool window from other windows" DateChanged="20210503135621575" ChangeMethod="0">
	</Option>
	<Option Path="All Options &gt; Appearance &gt; Preview Tool Window &gt; Search results" DateChanged="20210503135256352" ChangeMethod="0">
	</Option>
	<Option Path="All Options &gt; Appearance &gt; Preview Tool Window &gt; Defs" DateChanged="20210503135621575" ChangeMethod="0">
	</Option>
	<Option Path="All Options &gt; Editing &gt; Bookmarks &gt; Use workspace bookmarks" DateChanged="20210712162804849" ChangeMethod="0">
	</Option>
	<Option Path="All Options &gt; Editing &gt; Bookmarks &gt; Close deletes pushed bookmarks" DateChanged="20210712162923273" ChangeMethod="0">
	</Option>
	<Option Path="All Options &gt; Editing &gt; Bookmarks &gt; Top/bottom buffer pushes bookmark" DateChanged="20210712162923273" ChangeMethod="0">
	</Option>
	<Option Path="All Options &gt; Editing &gt; Search &gt; Starting number of Search Results Buffers" DateChanged="20220901175203431" ChangeMethod="0">
	</Option>
</History>
